{"gender": {"0": 1, "1": 1, "2": 0, "3": 1, "4": 1}, "area_1": {"0": 0, "1": 1, "2": 0, "3": 0, "4": 1}, "area_2": {"0": 1, "1": 0, "2": 1, "3": 1, "4": 0}, "qualification_1": {"0": 0, "1": 0, "2": 0, "3": 1, "4": 0}, "qualification_2": {"0": 1, "1": 1, "2": 1, "3": 0, "4": 1}, "qualification_3": {"0": 0, "1": 0, "2": 0, "3": 0, "4": 0}, "income_1": {"0": 1, "1": 0, "2": 1, "3": 0, "4": 0}, "income_2": {"0": 0, "1": 0, "2": 0, "3": 1, "4": 0}, "income_3": {"0": 0, "1": 1, "2": 0, "3": 0, "4": 1}, "income_4": {"0": 0, "1": 0, "2": 0, "3": 0, "4": 0}, "marital_status": {"0": 0, "1": 0, "2": 1, "3": 1, "4": 0}, "num_policies_1": {"0": 1, "1": 1, "2": 1, "3": 1, "4": 1}, "num_policies_2": {"0": 0, "1": 0, "2": 0, "3": 0, "4": 0}, "policy_1": {"0": 0, "1": 1, "2": 0, "3": 0, "4": 0}, "policy_2": {"0": 0, "1": 0, "2": 0, "3": 0, "4": 0}, "policy_3": {"0": 1, "1": 0, "2": 1, "3": 1, "4": 1}, "type_of_policy": {"0": 0, "1": 2, "2": 1, "3": 0, "4": 0}, "predict": {"0": 82437.1015625, "1": 110007.4140625, "2": 81163.75, "3": 79042.6875, "4": 98455.34375}}